,GEO.id2,x,y,quadkey,income_category
449,110010096021,-8566294.747502174,4706792.313896454,032010032320233123020,HD01_VD02
